{"liveiqa": {"gmlog": {"mlp": {"LCC": 0.7199473353028214, "SROCC": 0.7250894942337278}}, "sseq": {"mlp": {"LCC": 0.7764114165338591, "SROCC": 0.7874968556089047}}, "eniqa": {"mlp": {"LCC": 0.6702, "SROCC": 0.6868}}, "cbiq": {"svr": {"LCC": 0.6635, "SROCC": 0.6725}}}, "csiq": {"gmlog": {"mlp": {"LCC": 0.6300943367810697, "SROCC": 0.6024972949925317}}, "sseq": {"mlp": {"LCC": 0.5575881986385628, "SROCC": 0.42831068762579405}}, "eniqa": {"svr": {"LCC": 0.7371, "SROCC": 0.7045}}}, "cidiq": {"gmlog": {"mlp": {"LCC": -0.013700823999366292, "SROCC": 0.004444101542390019}}}, "tid2013": {"gmlog": {"mlp": {"LCC": 0.6029656815735396, "SROCC": 0.5301678878370114}}, "sseq": {"mlp": {"LCC": 0.624248275500164, "SROCC": 0.5465635293376194}}, "eniqa": {"svr": {"LCC": 0.5679, "SROCC": 0.5407}}}, "nitsiqa": {"gmlog": {"mlp": {"LCC": 0.4165843194948809, "SROCC": 0.3917400282531358}}, "sseq": {"mlp": {"LCC": 0.3132232321132064, "SROCC": 0.2921459431350154}, "svr": {"LCC": 0.44986198086343526, "SROCC": 0.407861491436112}}, "cbiq": {"svr": {"LCC": 0.3993, "SROCC": 0.5093}}}}