{"cidiq": {"gmlog": {"LCC": 0.03579451530839555, "SROCC": 0.009752119547634367}}, "kadid10k": {"gmlog": {"LCC": 0.018112850284770988, "SROCC": 0.3904596943868432}}, "tid2013": {"gmlog": {"LCC": 0.5670983387750957, "SROCC": 0.46592864155928493}, "sseq": {"LCC": 0.6851092175556531, "SROCC": 0.6102674946232943}}, "nitsiqa": {"gmlog": {"LCC": 0.5257272569463334, "SROCC": 0.515532775421699}, "sseq": {"LCC": 0.2911268356866048, "SROCC": 0.29154488756179925}}, "liveiqa": {"gmlog": {"LCC": 0.6769345942594076, "SROCC": 0.6670391809852424}, "sseq": {"LCC": 0.6996830054898937, "SROCC": 0.7873444363248883}}, "csiq": {"gmlog": {"LCC": 0.6524587463926088, "SROCC": 0.6179184406321145}}}